,itemId,value,metrics/averagetimespentonsite,metrics/visits,metrics/visitors
0,363885430,desktop,353.39506172839504,333.0,225.0
1,1728229488,tablet,309.85714285714283,7.0,7.0
2,2694730206,mobile,63.736111111111114,98.0,89.0
